Accuracy,Recall,Percision,Specificity,Threshold
9.293000000000000682e+01,9.387000000000000455e+01,7.926000000000000512e+01,9.265000000000000568e+01,7.000000000000000000e+00
9.359000000000000341e+01,9.360999999999999943e+01,8.137000000000000455e+01,9.359000000000000341e+01,7.500000000000000000e+00
9.417000000000000171e+01,9.343000000000000682e+01,8.329000000000000625e+01,9.439000000000000057e+01,8.000000000000000000e+00
9.468999999999999773e+01,9.326000000000000512e+01,8.512000000000000455e+01,9.512000000000000455e+01,8.500000000000000000e+00
9.512000000000000455e+01,9.309000000000000341e+01,8.671999999999999886e+01,9.573000000000000398e+01,9.000000000000000000e+00
9.551000000000000512e+01,9.295999999999999375e+01,8.815999999999999659e+01,9.626999999999999602e+01,9.500000000000000000e+00
