Accuracy,Recall,Percision,Specificity,Threshold
8.862999999999999545e+01,7.971999999999999886e+01,8.006000000000000227e+01,9.215000000000000568e+01,7.000000000000000000e+00
8.915000000000000568e+01,7.912000000000000455e+01,8.195000000000000284e+01,9.310999999999999943e+01,7.500000000000000000e+00
8.956000000000000227e+01,7.865999999999999659e+01,8.353000000000000114e+01,9.387000000000000455e+01,8.000000000000000000e+00
9.001999999999999602e+01,7.795000000000000284e+01,8.554000000000000625e+01,9.479000000000000625e+01,8.500000000000000000e+00
9.025000000000000000e+01,7.753000000000000114e+01,8.665000000000000568e+01,9.528000000000000114e+01,9.000000000000000000e+00
9.043999999999999773e+01,7.689000000000000057e+01,8.784999999999999432e+01,9.579999999999999716e+01,9.500000000000000000e+00
