Accuracy,Recall,Percision,Specificity,Threshold
9.385999999999999943e+01,1.000000000000000000e+02,7.229999999999999716e+01,9.268999999999999773e+01,7.000000000000000000e+00
9.471999999999999886e+01,1.000000000000000000e+02,7.521999999999999886e+01,9.371999999999999886e+01,7.500000000000000000e+00
9.543999999999999773e+01,1.000000000000000000e+02,7.785999999999999943e+01,9.457999999999999829e+01,8.000000000000000000e+00
9.596999999999999886e+01,1.000000000000000000e+02,7.987999999999999545e+01,9.520000000000000284e+01,8.500000000000000000e+00
9.643999999999999773e+01,1.000000000000000000e+02,8.179999999999999716e+01,9.576000000000000512e+01,9.000000000000000000e+00
9.685999999999999943e+01,1.000000000000000000e+02,8.359000000000000341e+01,9.626000000000000512e+01,9.500000000000000000e+00
