Accuracy,Recall,Percision,Specificity,Threshold
9.221999999999999886e+01,1.000000000000000000e+02,1.149999999999999911e+00,9.220999999999999375e+01,7.000000000000000000e+00
9.323999999999999488e+01,1.000000000000000000e+02,1.320000000000000062e+00,9.323999999999999488e+01,7.500000000000000000e+00
9.414000000000000057e+01,1.000000000000000000e+02,1.520000000000000018e+00,9.414000000000000057e+01,8.000000000000000000e+00
9.484000000000000341e+01,1.000000000000000000e+02,1.719999999999999973e+00,9.484000000000000341e+01,8.500000000000000000e+00
9.546999999999999886e+01,1.000000000000000000e+02,1.949999999999999956e+00,9.545999999999999375e+01,9.000000000000000000e+00
9.600000000000000000e+01,1.000000000000000000e+02,2.200000000000000178e+00,9.598999999999999488e+01,9.500000000000000000e+00
