Accuracy,Recall,Percision,Specificity,Threshold
6.343999999999999773e+01,0.000000000000000000e+00,0.000000000000000000e+00,9.256999999999999318e+01,7.000000000000000000e+00
6.409999999999999432e+01,0.000000000000000000e+00,0.000000000000000000e+00,9.353000000000000114e+01,7.500000000000000000e+00
6.468000000000000682e+01,0.000000000000000000e+00,0.000000000000000000e+00,9.437999999999999545e+01,8.000000000000000000e+00
6.520000000000000284e+01,0.000000000000000000e+00,0.000000000000000000e+00,9.514000000000000057e+01,8.500000000000000000e+00
6.553000000000000114e+01,0.000000000000000000e+00,0.000000000000000000e+00,9.562000000000000455e+01,9.000000000000000000e+00
6.587999999999999545e+01,0.000000000000000000e+00,0.000000000000000000e+00,9.612999999999999545e+01,9.500000000000000000e+00
